1,2022-01-31,2022-05-01,07:08:38,null,null 
2,2021-06-21,2021-08-23,08:53:22,null,null 
3,2021-11-27,2021-12-31,02:38:15,null,null 
4,2021-02-04,2021-05-01,01:36:16,null,null 
5,2020-06-15,2020-09-14,11:52:22,null,null 
6,2022-01-25,2022-04-15,14:05:30,null,null 
7,2022-02-28,2022-03-16,07:43:10,null,null 
8,2020-07-26,2020-10-02,11:45:47,null,null 
9,2020-12-06,2021-01-09,16:39:39,null,null 
10,2022-03-13,2022-05-23,13:11:48,null,null 
11,2022-01-17,2022-08-13,15:18:22,null,null 
12,2021-12-05,2022-01-18,20:17:24,null,null 
13,2020-07-21,2020-08-26,22:45:25,null,null 
14,2020-06-08,2020-07-03,12:13:46,null,null 
15,2020-10-25,2021-01-31,03:58:13,null,null 
16,2020-06-26,2020-08-12,08:51:56,null,null 
17,2022-09-15,2022-10-11,22:14:57,null,null 
18,2020-10-17,2020-11-27,10:02:14,null,null 
19,2022-10-15,2022-12-06,05:36:42,null,null 
21,2021-11-24,2022-02-26,08:21:27,null,null 
22,2022-08-21,2022-10-29,08:39:41,null,null 
23,2021-11-07,2021-12-01,14:57:08,null,null 
24,2021-10-31,2022-01-15,06:28:00,null,null 
25,2022-02-21,2022-03-14,08:28:24,null,null 
26,2022-02-03,2022-05-12,20:16:11,null,null 
27,2022-09-29,2022-10-23,16:24:52,null,null 
28,2022-05-26,2022-06-29,06:52:03,null,null 
29,2022-11-30,2022-12-10,18:50:17,null,null 
30,2021-09-20,2022-02-01,00:18:30,null,null 
